sampling_percentage,nominal_sampling_ratio,actual_sampling_ratio,retained_measurements_M,method,route_id,case_file,completion_status,rmse_normalized,rmse_gray_levels,tutorial_nrmse_relative_l2,psnr_section8_db,ssim_section8,psnr_plot_included,ssim_dynamic_range,metric_input_scale_divisor,clipping_applied,per_method_normalization_applied,benchmark_psnr_actual_reference_range_db,benchmark_ssim_actual_reference_range,source_reconstruction_hash_or_case_hash,omission_reason
5,0.050000000000000003,0.04998779296875,819,Direct,direct_separable_cpu,c001.mat,completed,0.092132276151115411,23.49373041853443,0.17618317718080168,20.711763987000779,0.57727889431372637,True,1,255,False,False,20.764106389089498,0.57865256333487802,06fdb5e6f18674fd744dce639776527f47e35d6be951dd317ec17963313f764b,
10,0.10000000000000001,0.0999755859375,1638,Direct,direct_separable_cpu,c009.mat,completed,0.076587668166483644,19.529855382453331,0.1464574552386837,22.316823061237475,0.66646383532000431,True,1,255,False,False,22.369165463326201,0.667689097438389,686a86cab761be12b5d0febb867dbc4a275fa852aa2ae0f0a5dc9060528075e6,
15,0.14999999999999999,0.1500244140625,2458,Direct,direct_separable_cpu,c017.mat,completed,0.066626585093482765,16.989779198838104,0.12740902468558757,23.527048913404514,0.74393260777066827,True,1,255,False,False,23.579391315493201,0.74495887993611598,76b1097158d1ff27393446182343371ac2d59ad8938e342844bcdf7a29d5525f,
20,0.20000000000000001,0.20001220703125,3277,Direct,direct_separable_cpu,c025.mat,completed,0.060603369574577216,15.45385924151719,0.11589091950793053,24.350064563881539,0.79026765949286948,True,1,255,False,False,24.402406965970201,0.791172165553647,eb33d3474a25e2c6fa1ec50e465a1115b3b1a4b2de008b6c4e710c33180ce4f8,
25,0.25,0.25,4096,Direct,direct_separable_cpu,c033.mat,completed,0.055174818364740821,14.06957868300891,0.10550998201682869,25.165181757189536,0.8202384065092666,True,1,255,False,False,25.217524159278199,0.82097796419333402,28fb6fec208543fb134b3d31eb116304775fcbe2b0e875fe7272ac7cc9a3e6a9,
30,0.29999999999999999,0.29998779296875,4915,Direct,direct_separable_cpu,c041.mat,completed,0.05014662059772871,12.78738825242082,0.09589463444164692,25.995166578977109,0.84920588940483321,True,1,255,False,False,26.0475089810658,0.84986560571908099,15dac44fea99a472f1a9a7f639aeb861410ed4aad4f53ad10af0ac1eba4f6993,
35,0.34999999999999998,0.3499755859375,5734,Direct,direct_separable_cpu,c049.mat,completed,0.045013328920236122,11.478398874660211,0.086078317349328304,26.933177360324386,0.86073987792283846,True,1,255,False,False,26.985519762413102,0.86144180659255198,9f9e8b487d90f9a26ee08021024cfbc0732e630d2b45e8bd3e6a51491f156743,
40,0.40000000000000002,0.4000244140625,6554,Direct,direct_separable_cpu,c057.mat,completed,0.040162556123964938,10.241451811611059,0.076802256898726801,27.923573090962886,0.87759936132662753,True,1,255,False,False,27.975915493051598,0.87832802517726205,cac40b7d6be243393ade54cd684c3898774fd9e4a469fdfa36778c18964c33da,
45,0.45000000000000001,0.45001220703125,7373,Direct,direct_separable_cpu,c065.mat,completed,0.03547016542083193,9.0448921823121413,0.067829068161962686,29.002735722420759,0.89256357246664519,True,1,255,False,False,29.0550781245094,0.89318086625346904,a2e3d1ad7b48f2b915020ea3fb18b32f3d4c4539fb6270c68a7d03ce4bb3c6e1,
50,0.5,0.5,8192,Direct,direct_separable_cpu,c073.mat,completed,0.0312142297883099,7.9596285960190247,0.05969050594534217,30.112947536495103,0.91488881527816712,True,1,255,False,False,30.1652899385838,0.91536726888574105,ea9ad08eb2790a4c4924639cc7ed3c03372a73154e6684458ef5e199fb2cdef2,
55,0.55000000000000004,0.54998779296875,9011,Direct,direct_separable_cpu,c081.mat,completed,0.027478799666974744,7.0070939150785598,0.052547298652446825,31.220044842289671,0.93265146311107838,True,1,255,False,False,31.2723872443784,0.93300766879624397,39dc9760cfc3b03b722bf48fbd06feea487139fd5570add9504a52b6e813496d,
60,0.59999999999999998,0.5999755859375,9830,Direct,direct_separable_cpu,c089.mat,completed,0.02459249517331194,6.2710862691945444,0.047027861629414136,32.183948103529488,0.94572780709471538,True,1,255,False,False,32.2362905056182,0.94600028873248898,4769fb3e96bbb11ecd4fd18f51d42a1ce1b3b093d696166e5beee5ced2dbcdcb,
65,0.65000000000000002,0.6500244140625,10650,Direct,direct_separable_cpu,c097.mat,completed,0.021273066658737766,5.4246319979781301,0.040680168002883162,33.443397981008289,0.95905971520107158,True,1,255,False,False,33.495740383097001,0.95924980104489199,a4078a163f861ef03123670ca5b5805dc234fa4260e1a6945388bc2eb9835b96,
70,0.69999999999999996,0.70001220703125,11469,Direct,direct_separable_cpu,c105.mat,completed,0.018679529884821008,4.7632801206293571,0.035720586322577866,34.572681160616654,0.96856068267444784,True,1,255,False,False,34.625023562705302,0.96871067377576903,c326c1cfa107f8336c3b73a149eeaacc4214a7907c9ac6e59203edb2e06eee58,
75,0.75,0.75,12288,Direct,direct_separable_cpu,c113.mat,completed,0.016022124932473084,4.0856418577806366,0.030638870477495205,35.905597723526796,0.97524461743585311,True,1,255,False,False,35.957940125615501,0.97538221509745604,6151e8e883f62be63b248dc70cb71a6a1afec62b945af6a3f52103698ec934c2,
80,0.80000000000000004,0.79998779296875,13107,Direct,direct_separable_cpu,c121.mat,completed,0.013412319699560768,3.4201415233879957,0.025648178865758577,37.449922063259315,0.98261780047029834,True,1,255,False,False,37.502264465347999,0.98272076186431601,006190fde99e504da85d2578e64489cdfff4fba495af2be741ec8f58df3fad9b,
85,0.84999999999999998,0.8499755859375,13926,Direct,direct_separable_cpu,c129.mat,completed,0.010987978954490191,2.8019346333949988,0.021012148227214165,39.18164362128276,0.98819693571565348,True,1,255,False,False,39.233986023371401,0.98826591426324195,edeac65164d2cf2812df791ccd73982a70aaec968091961416a3a5fdf33d07d0,
90,0.90000000000000002,0.9000244140625,14746,Direct,direct_separable_cpu,c137.mat,completed,0.0078714359341832251,2.0072161632167225,0.015052429504562313,42.078920698670288,0.99275073489548316,True,1,255,False,False,42.131263100759,0.992796525598034,d062e4f12e5425e49dccaa688dd622e7a93b35b5462dec73baa1f96a8895bd30,
95,0.94999999999999996,0.95001220703125,15565,Direct,direct_separable_cpu,c145.mat,completed,0.0048319689701577144,1.2321520873902172,0.0092401021744552437,46.317517266432816,0.99661126577280434,True,1,255,False,False,46.369859668521499,0.99663336635532496,ff8a69ca9e0549c53a43486a14a37c21b1a69007a28d167d0eaeca716c2e708b,
100,1,1,16384,Direct,direct_separable_cpu,c153.mat,completed,0,0,0,inf,1,False,1,255,False,False,inf,1,1ddc4ee030483e1efea9fce2e7546f8b3ddf3eb696cb5c3811f81502fa78327c,
5,0.050000000000000003,0.04998779296875,819,FDRI,fdri_cpu,c005.mat,completed,0.080595427046516205,20.551833896861631,0.15412143275401791,21.873791983949214,0.62379593442190373,True,1,255,False,False,21.926134386037901,0.62498497293291699,98f84d72b9c51f9bb595dc70448fdf9d91fa02488e9cc144f0567a7f0d81c816,
10,0.10000000000000001,0.0999755859375,1638,FDRI,fdri_cpu,c013.mat,completed,0.066459256953458654,16.947110523131958,0.12708904557975451,23.548890373038024,0.72571873516446905,True,1,255,False,False,23.6012327751267,0.72676162166649705,c2fb0aa444d6761549b4cc64685f7231ef5b1ebe6fbdaef4e453cd089d2055ac,
15,0.14999999999999999,0.1500244140625,2458,FDRI,fdri_cpu,c021.mat,completed,0.059091404830957581,15.068308231894184,0.1129996118854059,24.569513700802514,0.78123283020983969,True,1,255,False,False,24.621856102891201,0.782311476129667,2097e6152bae2882f3d9c19cbd3ff2c08ed9fa5cc5effeccd6c295c74f17b2f6,
20,0.20000000000000001,0.20001220703125,3277,FDRI,fdri_cpu,c029.mat,completed,0.053790094233705538,13.716474029594911,0.1028619947194719,25.385953897727109,0.81115693922895338,True,1,255,False,False,25.4382962998158,0.81218527803437202,6654de826f650013610f65779c2f85198632ae4dae148ef3789eab8e4139e50d,
25,0.25,0.25,4096,FDRI,fdri_cpu,c037.mat,completed,0.048861468603744289,12.459674493954793,0.093437057456475722,26.220669676061696,0.83492863197144218,True,1,255,False,False,26.273012078150401,0.83581496188778803,00c24b02b48108115b24c54af4cd28031962b7780496eea9b49ba3ca3cffc974,
30,0.29999999999999999,0.29998779296875,4915,FDRI,fdri_cpu,c045.mat,completed,0.04403647385841216,11.229300833895101,0.084210291988107366,27.123749273180913,0.86025134121143687,True,1,255,False,False,27.1760916752696,0.86103815679206097,57fcaf4af17050f56178beb5ae5dbcb890feb0d73e0edc6c2410cb9f3f1c8b46,
35,0.34999999999999998,0.3499755859375,5734,FDRI,fdri_cpu,c053.mat,completed,0.039559012054907888,10.087548074001511,0.075648108579622092,28.055091259828579,0.87596257819709655,True,1,255,False,False,28.107433661917302,0.87669171245347199,b492a44931d7a62b0cf9fd0e5a814374c207963fda2951edcd97ba1bf11f2cf0,
40,0.40000000000000002,0.4000244140625,6554,FDRI,fdri_cpu,c061.mat,completed,0.035558070674288185,9.0673080219434876,0.067997168066706221,28.981236224138549,0.89136796647968664,True,1,255,False,False,29.0335786262272,0.892061845246649,0ce3cd5b37c3be029e2aec557429fcbd4237c8d6c75000180989e27a8f2d9350,
45,0.45000000000000001,0.45001220703125,7373,FDRI,fdri_cpu,c069.mat,completed,0.031922603853464675,8.1402639826334919,0.061045119102046831,29.91803382946491,0.91042617111735114,True,1,255,False,False,29.970376231553601,0.9109135176216,b243fbf0f0dac11247fa06a2adfe83a9f596ba534216afee4d892cbfd33becbc,
50,0.5,0.5,8192,FDRI,fdri_cpu,c077.mat,completed,0.028649095435138397,7.305519335960291,0.054785237790497994,30.857781717373168,0.92577620958433449,True,1,255,False,False,30.910124119461901,0.92615562922734795,41fd54719a3a959e0f2eb27fe653c686577ac7f4248e0de52d76e129c67b97d4,
55,0.55000000000000004,0.54998779296875,9011,FDRI,fdri_cpu,c085.mat,completed,0.025335107084685695,6.4604523065948518,0.04844794730865578,31.925545114468523,0.94102391700320265,True,1,255,False,False,31.9778875165572,0.941305446336831,25c84177df2fa5c913937af26384e217f178b86e92470eaa2fd4c9cc84e8435e,
60,0.59999999999999998,0.5999755859375,9830,FDRI,fdri_cpu,c093.mat,completed,0.022685609819547176,5.78483050398453,0.043381353215850474,32.884990836485088,0.95255710274263983,True,1,255,False,False,32.9373332385738,0.95277233115429805,58b860d52f62a37e881ef7dcbec8b36e5a520554b7c9f106a7d75524daf043d2,
65,0.65000000000000002,0.6500244140625,10650,FDRI,fdri_cpu,c101.mat,completed,0.019720505584534736,5.0287289240563577,0.037711228623032438,34.1016391005139,0.9628509448163961,True,1,255,False,False,34.153981502602598,0.96300417492490298,7ae8d5cb49725bfff81bd740ed0f7568ad639173d83876f46b2bff0023603002,
70,0.69999999999999996,0.70001220703125,11469,FDRI,fdri_cpu,c109.mat,completed,0.017292413961548129,4.409565560194773,0.03306802523660779,35.242887529545222,0.97113478659373265,True,1,255,False,False,35.295229931633898,0.97125958374691401,5d5ba7e54a31e466ae56518b046cc3cc26f9dde5f7c0395b28f5e144608c18ea,
75,0.75,0.75,12288,FDRI,fdri_cpu,c117.mat,completed,0.014900316575322909,3.799580726707342,0.028493653092151135,36.53609008751922,0.97735689206997711,True,1,255,False,False,36.588432489607897,0.97747659275783905,6996db7fa842a2e8153e31f4cca7a3e8fe5d7b2b3eaeddfe6f929c9b88ae8788,
80,0.80000000000000004,0.79998779296875,13107,FDRI,fdri_cpu,c125.mat,completed,0.012535644683961358,3.1965893944101462,0.023971726312366819,38.03706652412346,0.98366209929934989,True,1,255,False,False,38.089408926212201,0.983758483374918,d7eb2023a7545c284840618a36b2c9ebcf61e4535a463eff10fa78050082b91d,
85,0.84999999999999998,0.8499755859375,13926,FDRI,fdri_cpu,c133.mat,completed,0.010269923664988486,2.6188305345720639,0.019639021809623111,39.768655688906399,0.98875633525431073,True,1,255,False,False,39.820998090995097,0.98882444422439397,7c93e8f04ab8650557f6130b4190a1ead0d641f237927a6143344171066204cb,
90,0.90000000000000002,0.9000244140625,14746,FDRI,fdri_cpu,c141.mat,completed,0.00734772439852289,1.8736697216233369,0.01405094374806657,42.676942835145539,0.9933135828093187,True,1,255,False,False,42.729285237234201,0.99335572926852,4e4a6747dd6bfdefd90408f075658b05dd6db0667ba667c7e864be5d657f161f,
95,0.94999999999999996,0.95001220703125,15565,FDRI,fdri_cpu,c149.mat,completed,0.0046044151635918386,1.1741258667159189,0.008804954424988987,46.736510490036366,0.99686472548153215,True,1,255,False,False,46.788852892125,0.99688572305242895,5f994f4dfc7e03d697acd042013b9b75d1f9ae505937b611540eb5d1c2905e70,
100,1,1,16384,FDRI,fdri_cpu,c157.mat,skipped_empirical_resource_limit,,,,,,False,1,255,False,False,,,7da3d46ddfa0e2c550caffc64581955ee31e1f10c82e0d98e33ecd87cba19398,FDRI at 100% was omitted because the approved v05.3 progressive test completed through 95% and produced MATLAB:nomem at 100% on this target computer.
5,0.050000000000000003,0.04998779296875,819,DCT-l1,bpdn_dct_l1magic_cpu,c006.mat,completed,0.082014365602014042,20.913663228513581,0.15683484778483625,21.722201402264616,0.54283947067531302,True,1,255,False,False,21.7745438043533,0.54416862434487701,9121193da06af48d84fcda03aa90438161cd58cd368b1481b4ca3e53a7a2ffb7,
10,0.10000000000000001,0.0999755859375,1638,DCT-l1,bpdn_dct_l1magic_cpu,c014.mat,completed,0.068850448511638823,17.556864370467899,0.13166168552275445,23.241864525571692,0.62200125644400972,True,1,255,False,False,23.294206927660401,0.62301101592572306,cec5086175cb21d3e40a23eee657acc614392359e4933cb4f1ad648e15658d6e,
15,0.14999999999999999,0.1500244140625,2458,DCT-l1,bpdn_dct_l1magic_cpu,c022.mat,completed,0.058470511849307481,14.909980521573408,0.11181228749957448,24.661262086874359,0.6961357108501165,True,1,255,False,False,24.713604488963,0.69687784678904596,4b2806ea4bc14e2fd105d6816e32e32698fb6737d66ee0a9f9c70b98ec60d063,
20,0.20000000000000001,0.20001220703125,3277,DCT-l1,bpdn_dct_l1magic_cpu,c030.mat,completed,0.052944394448716403,13.500820584422684,0.10124477563746292,25.523600291436491,0.71442255527331966,True,1,255,False,False,25.575942693525199,0.71533783337637202,0e7303ec9fd347fc85543506d721e8c9dc7faac66d6c7fe0f73a5a0f23df5fb2,
25,0.25,0.25,4096,DCT-l1,bpdn_dct_l1magic_cpu,c038.mat,completed,0.048100943486949342,12.265740589172083,0.091982716621750657,26.35692809948501,0.73948133196882493,True,1,255,False,False,26.409270501573701,0.74037241346350502,23fb6d8474b8e4caaca48ed7432023c31ea9df59766df51eee2a3a6472f7eb4f,
30,0.29999999999999999,0.29998779296875,4915,DCT-l1,bpdn_dct_l1magic_cpu,c046.mat,completed,0.043368778796398721,11.059038593081674,0.082933468682227993,27.256456135974435,0.76998638662314922,True,1,255,False,False,27.308798538063101,0.77106970548521003,1ca47274ab21425594c119c949a03283dea01efbbab6ff5c95304588c4f5e04f,
35,0.34999999999999998,0.3499755859375,5734,DCT-l1,bpdn_dct_l1magic_cpu,c054.mat,completed,0.03899711049754144,9.9442631768730667,0.074573592614367037,28.17935141919461,0.79016985396723549,True,1,255,False,False,28.231693821283301,0.79115308486063496,7a8018d86bb24e25db9147a49790ee05a44ae5d1b6e24680181ddcefa102061e,
40,0.40000000000000002,0.4000244140625,6554,DCT-l1,bpdn_dct_l1magic_cpu,c062.mat,completed,0.034502706181883919,8.7981900763803988,0.065979010292653045,29.242936803597061,0.82739097580716947,True,1,255,False,False,29.295279205685699,0.82828940899042103,532dc8112160d98ed91962236a0738153797ed42d508e8c36bd8a8d75fa1916a,
45,0.45000000000000001,0.45001220703125,7373,DCT-l1,bpdn_dct_l1magic_cpu,c070.mat,completed,0.031110234189941976,7.9331097184352037,0.059491636714072683,30.141934392408572,0.84853028845392564,True,1,255,False,False,30.194276794497299,0.849191566773974,b55ef5872b5dbb20205b00b28c3e42ee267c91090bd247a6fff136094a9f6bde,
50,0.5,0.5,8192,DCT-l1,bpdn_dct_l1magic_cpu,c078.mat,completed,0.028326025273001182,7.2231364446153012,0.054167435539262045,30.956287233987943,0.8685444162344087,True,1,255,False,False,31.008629636076599,0.86915854781560598,28edae518d9778741b2455f8b1ec9acd47321d9eab5e30776168db2cddeb1d90,
55,0.55000000000000004,0.54998779296875,9011,DCT-l1,bpdn_dct_l1magic_cpu,c086.mat,completed,0.025268271504141675,6.4434092335561273,0.048320138625088098,31.948489306348815,0.89035948256300224,True,1,255,False,False,32.000831708437502,0.89070366781588395,aaf2347f1b5c0b0000cf26bb6eba603a8b539d08a967bfd059f40a91f8522ff6,
60,0.59999999999999998,0.5999755859375,9830,DCT-l1,bpdn_dct_l1magic_cpu,c094.mat,completed,0.022695097317013715,5.7872498158384973,0.043399496015713662,32.881359013080996,0.90385217187275213,True,1,255,False,False,32.933701415169701,0.90430297229505396,3c2e4c5129eb3918e703fe828cbed076d8b347c212dd4687b52b896d068abe4b,
65,0.65000000000000002,0.6500244140625,10650,DCT-l1,bpdn_dct_l1magic_cpu,c102.mat,completed,0.01984226465013111,5.0597774857834334,0.037944066667673276,34.048175243508688,0.92158569683459945,True,1,255,False,False,34.1005176455974,0.92183326790495101,7bae9d9af14f90f4fade521dac65cabe52321aee499dd91a9ae8afaa8272b877,
70,0.69999999999999996,0.70001220703125,11469,DCT-l1,bpdn_dct_l1magic_cpu,c110.mat,completed,0.017351668602645171,4.4246754936745187,0.03318133700276954,35.213175109016163,0.94009519671616437,True,1,255,False,False,35.265517511104797,0.94041189620402998,8f3ea4f37aa53d6595c39820a56bf86749bb88e2695abdb42c8f5610b6a4fcf7,
75,0.75,0.75,12288,DCT-l1,bpdn_dct_l1magic_cpu,c118.mat,completed,0.014685143659931201,3.7447116332824564,0.028082181136169202,36.662436011206026,0.95520855212737987,True,1,255,False,False,36.714778413294702,0.95550490500052099,37e33feccb8341482f3ca1d02034eb2d574933df7e6b61888d2f155265f659e9,
80,0.80000000000000004,0.79998779296875,13107,DCT-l1,bpdn_dct_l1magic_cpu,c126.mat,completed,0.012966696067780635,3.3065074972840618,0.024796019442875152,37.743413373184367,0.96166610391980689,True,1,255,False,False,37.795755775273101,0.96191544693620201,b0956a7b7bd58b1dbf5580fed59f26f023d357636a7348535d530e1a009257c2,
85,0.84999999999999998,0.8499755859375,13926,DCT-l1,bpdn_dct_l1magic_cpu,c134.mat,completed,0.0097028569505670775,2.4742285223946046,0.018554628591589791,40.262007427703139,0.97710672641345386,True,1,255,False,False,40.314349829791801,0.97728415999222396,9e04a0d6a9bd6df95933f1972be21e749eaad8a8351d6f08cc2f43584b474d35,
90,0.90000000000000002,0.9000244140625,14746,DCT-l1,bpdn_dct_l1magic_cpu,c142.mat,completed,0.0069574461577865208,1.7741487702355627,0.013304620490789322,43.151002917892576,0.98744019119295623,True,1,255,False,False,43.203345319981302,0.98754485151957005,83325b9853f4fd948d8b3d1ca870c76f81489efd9baa2838e330ca44d226f0d9,
95,0.94999999999999996,0.95001220703125,15565,DCT-l1,bpdn_dct_l1magic_cpu,c150.mat,completed,0.0042711571968752186,1.0891450852031808,0.0081676701870456569,47.389088887646352,0.99598550354626225,True,1,255,False,False,47.441431289735,0.99601693464398799,838778f358753cfdb8a74503544e8ff68d37905aeeecc98cc996322f7949cd76,
100,1,1,16384,DCT-l1,bpdn_dct_l1magic_cpu,c158.mat,completed,5.2293458220562543e-05,0.013334831846243449,9.9999999999551525e-05,85.631052737533579,0.99999942109433193,False,1,255,False,False,85.683395139622306,0.999999426659407,7fd1d71b71140afbe39a69427d5c78ce476158c51ed5bcad68246ca1d916a1fc,
5,0.050000000000000003,0.04998779296875,819,TVAL3,tval3_cpu,c007.mat,completed,0.082130512186394833,20.943280607530681,0.15705695316538001,21.709909375906808,0.71385852878306189,True,1,255,False,False,21.762251777995498,0.71459776065657499,fdf25be952a17e2e70cafecde8b6c0a64585e9a809b9f1c31d6a3ed1a70491a9,
10,0.10000000000000001,0.0999755859375,1638,TVAL3,tval3_cpu,c015.mat,completed,0.066790934596659857,17.031688322148263,0.12772330778861579,23.505649589357095,0.80584560359096713,True,1,255,False,False,23.5579919914458,0.80636356667666498,0e97a8a2dd78e65720d3ec0db7d835dd485a53c687bce998fc710d3d901eb008,
15,0.14999999999999999,0.1500244140625,2458,TVAL3,tval3_cpu,c023.mat,completed,0.056344092071665186,14.367743478274623,0.1077459666824199,24.983032298723895,0.85132953613600104,True,1,255,False,False,25.0353747008126,0.85171916524438596,b1bf3cc051e13b069fa1287a8454a18b6c059a50fb7ea1a8ad6cde524a67f1b3,
20,0.20000000000000001,0.20001220703125,3277,TVAL3,tval3_cpu,c031.mat,completed,0.050127769466243796,12.782581213892168,0.0958585857041446,25.998432394893918,0.88175539439350881,True,1,255,False,False,26.050774796982601,0.88205481396866103,a4a48a1a288b80f22b4f470df6d11b417b9d1d423e51f9420e7e250e022befe4,
25,0.25,0.25,4096,TVAL3,tval3_cpu,c039.mat,completed,0.042947731826999319,10.951671615884827,0.082128306844160948,27.341195347262136,0.90985772601852166,True,1,255,False,False,27.393537749350799,0.91012463716955605,609abc42c791a78e069dc289b652c6703c425f7977ef29fbe647bffd610076fa,
30,0.29999999999999999,0.29998779296875,4915,TVAL3,tval3_cpu,c047.mat,completed,0.037269313177758431,9.5036748603284007,0.071269551576408172,28.572972212461721,0.92788850258971745,True,1,255,False,False,28.625314614550401,0.92804652843679003,897ab539f761325d0e49a09739962def3e52326a513a6aed0d09187462be6a14,
35,0.34999999999999998,0.3499755859375,5734,TVAL3,tval3_cpu,c055.mat,completed,0.031988225444270352,8.1569974882889404,0.061170606291149163,29.900197037103517,0.94290978965534222,True,1,255,False,False,29.952539439192201,0.94306300082218897,c672e99b674f4ba541b9c4fe5110bf91a5c0fbc027994c547b0c488098cca970,
40,0.40000000000000002,0.4000244140625,6554,TVAL3,tval3_cpu,c063.mat,completed,0.027925555332095946,7.1210166096844665,0.053401622845799801,31.079963633527761,0.95380135320954085,True,1,255,False,False,31.132306035616502,0.95394944113661595,1985b329caa988536201c2f7f5547a44761fdb866516deacbd9bba93e146d7c8,
45,0.45000000000000001,0.45001220703125,7373,TVAL3,tval3_cpu,c071.mat,completed,0.024922641010016688,6.3552734575542553,0.047659194587565006,32.068118762485931,0.96077242597633261,True,1,255,False,False,32.1204611645746,0.96088119611977496,2558639abce19b35dd9d4f42163776931669a89f9d179689d47838a280acb3f5,
50,0.5,0.5,8192,TVAL3,tval3_cpu,c079.mat,completed,0.021609542287812002,5.5104332833920608,0.041323605328549305,33.307088636405268,0.96873707125128505,True,1,255,False,False,33.359431038494002,0.96877460946290295,d46720b48492aade3d5f73cdfd9a05a89487b13e95a363f482584a594f333527,
55,0.55000000000000004,0.54998779296875,9011,TVAL3,tval3_cpu,c087.mat,completed,0.019126050113404205,4.8771427789180724,0.036574460294151637,34.367494212703448,0.97471427109216768,True,1,255,False,False,34.419836614792104,0.97470499918592401,7cfab008ba2d1c0dc10f809a11c5bf54308d92d7ec528ef79baa0c109dda2ed4,
60,0.59999999999999998,0.5999755859375,9830,TVAL3,tval3_cpu,c095.mat,completed,0.016595450567044812,4.2318398945964271,0.0317352325351564,35.600219039708421,0.97975494794971274,True,1,255,False,False,35.652561441797097,0.97972727018174,4dfb2e3c7720138710878a0440be56775ede7982e06c419005821d2eea613320,
65,0.65000000000000002,0.6500244140625,10650,TVAL3,tval3_cpu,c103.mat,completed,0.014552431114897501,3.7108699342988625,0.027828396916213145,36.741288956121153,0.9834683102259778,True,1,255,False,False,36.793631358209801,0.98348717582189105,607edea02d9e0772730507f84c70d4b3c316a10354578fc5ee66cb49221251e0,
70,0.69999999999999996,0.70001220703125,11469,TVAL3,tval3_cpu,c111.mat,completed,0.012714527388596752,3.2422044840921718,0.02431380103972583,37.91399556676771,0.98656732801406322,True,1,255,False,False,37.966337968856401,0.98661110179592804,f04ec5d5cc321f0c57c57cd3f39a120aceeaa449adfe4ebd7f60a804b026110c,
75,0.75,0.75,12288,TVAL3,tval3_cpu,c119.mat,completed,0.011004183851399431,2.8060668821068551,0.02104313660981609,39.16884324572478,0.98937399760205269,True,1,255,False,False,39.221185647813499,0.98940426161313599,97e85a86445cb0edecfc46be004d5eae4e57a501d8e885376b008bd9a09c2628,
80,0.80000000000000004,0.79998779296875,13107,TVAL3,tval3_cpu,c127.mat,completed,0.0090407488998861668,2.3053909694709724,0.017288489244130095,40.875911855942377,0.99228145015424374,True,1,255,False,False,40.928254258031103,0.99231638352264695,d91f3a5bd0d0bbed10e33481c0f7b16fe32c9a2d75425955e87239a6e19a6189,
85,0.84999999999999998,0.8499755859375,13926,TVAL3,tval3_cpu,c135.mat,completed,0.0077010731823853188,1.9637736615082564,0.014726647355906952,42.268974990806363,0.9942547779622144,True,1,255,False,False,42.321317392895097,0.99428096065134297,ba4429b241325824871af933f5e7f6266dfc7b7ae15081cce3cf3ab8ae3ca716,
90,0.90000000000000002,0.9000244140625,14746,TVAL3,tval3_cpu,c143.mat,completed,0.0055334041711398874,1.4110180636406713,0.010581446244722167,45.14015213742983,0.99638797111910948,True,1,255,False,False,45.192494539518499,0.99641226254570803,4828f7cd50388d32eaf2331ac4c11b6fdcae4651c591dc283f82c13b36ae8aff,
95,0.94999999999999996,0.95001220703125,15565,TVAL3,tval3_cpu,c151.mat,completed,0.0035812114803891724,0.91320892749923899,0.0068482972865713575,48.91940063894009,0.99771762422751509,True,1,255,False,False,48.971743041028802,0.997734496298187,67c4f64c55cc002d367391ae44cdd6f7806b6eb2e794507a8e22b62c9fd71cbc,
100,1,1,16384,TVAL3,tval3_cpu,c159.mat,completed,0.0021226315397680296,0.54127104264084758,0.0040590766263835665,53.462507739227561,0.99859627121527217,False,1,255,False,False,53.514850141316302,0.99860832967442104,494ee1e1cbd7f45ebc393ff8e6a3442d7c1dd9f6f89729656d61dc61d8a267b8,
5,0.050000000000000003,0.04998779296875,819,TV-QC,tvqc_l1magic_cpu,c008.mat,completed,0.071822481845472852,18.314732870595577,0.13734506052787518,22.874791835724718,0.75719530074668018,True,1,255,False,False,22.927134237813402,0.75783303033013105,84fe79d953ee92a67bf0ef3646ad6dd96130490089c2dbe49a3daece253e5847,
10,0.10000000000000001,0.0999755859375,1638,TV-QC,tvqc_l1magic_cpu,c016.mat,completed,0.057035214519277594,14.543979702415786,0.10906758982827172,24.877138413144046,0.83521207100539163,True,1,255,False,False,24.929480815232701,0.83561949568951899,85248f2ce53fd0bb3b4191f55d8fd56d586f513bb89218a5fb263bd0cd8827ff,
15,0.14999999999999999,0.1500244140625,2458,TV-QC,tvqc_l1magic_cpu,c024.mat,completed,0.050633706114539212,12.9115950592075,0.096826080808712356,25.911205668661669,0.86724803519014437,True,1,255,False,False,25.963548070750399,0.86756563459233504,6d628f6a96fac5d9690a2779143dafad6d603b684d12efc97fc892d8d49a5f10,
20,0.20000000000000001,0.20001220703125,3277,TV-QC,tvqc_l1magic_cpu,c032.mat,completed,0.044870440039052981,11.441962209958509,0.085805073073572394,26.960793427437267,0.89310752407494609,True,1,255,False,False,27.013135829526,0.89341532215798203,2596225bde15a98c73fd19e93dab76fc0dbe9a982fb7ffcb44ba0cab0f63ebfc,
25,0.25,0.25,4096,TV-QC,tvqc_l1magic_cpu,c040.mat,completed,0.039333738860135574,10.030103409334572,0.075217322010064674,28.104695397180272,0.91765277772690268,True,1,255,False,False,28.157037799268998,0.91790416576123302,d0582bbbe0a9130903f22852e72f3c30f285441fdd1c6bc441d5b26dcc43e1f9,
30,0.29999999999999999,0.29998779296875,4915,TV-QC,tvqc_l1magic_cpu,c048.mat,completed,0.034259551482290602,8.7361856279841028,0.065514029188197015,29.304366540218858,0.93473680262608672,True,1,255,False,False,29.356708942307499,0.93487838518402699,aa3d1c579969c779c9ba13232e01a4249bc2a7767898cf89b32d72b56a0abd9d,
35,0.34999999999999998,0.3499755859375,5734,TV-QC,tvqc_l1magic_cpu,c056.mat,completed,0.031318739799957432,7.9862786489891455,0.059890358881451812,30.083914427132132,0.94676260353612918,True,1,255,False,False,30.136256829220802,0.94687800699017999,6c269932394133512fb087b4b90ce5a430310b560ec1dc51c639256ed08c6665,
40,0.40000000000000002,0.4000244140625,6554,TV-QC,tvqc_l1magic_cpu,c064.mat,completed,0.02746460760806016,7.0034749400553409,0.052520159389912953,31.224532028881264,0.956372602917963,True,1,255,False,False,31.276874430969901,0.95647175533476103,7ddb178e3c025dec3bf8fc560739cb8a6a1e09d1abfe9939d323c2641d514230,
45,0.45000000000000001,0.45001220703125,7373,TV-QC,tvqc_l1magic_cpu,c072.mat,completed,0.02393596744266864,6.103671697880503,0.045772393444710686,32.418980290716874,0.96464194135884895,True,1,255,False,False,32.4713226928056,0.96470695971869203,6be691e7f2aad544c5d67ed99d225454937fefb9f990bf1cf47cd34df22b3643,
50,0.5,0.5,8192,TV-QC,tvqc_l1magic_cpu,c080.mat,completed,0.020727262326695861,5.2854518933074441,0.039636434521464946,33.669161121581482,0.972300061155148,True,1,255,False,False,33.721503523670201,0.97232359900659604,50a9b61cf5869b26b8d038c6c023a529b5146fd4f754021d1a408213841630ff,
55,0.55000000000000004,0.54998779296875,9011,TV-QC,tvqc_l1magic_cpu,c088.mat,completed,0.01862085200439775,4.7483172611214259,0.035608377487248009,34.600009031708836,0.97699353637706765,True,1,255,False,False,34.652351433797499,0.97698591688714098,82051640b9154a09e063c9077203f50b0470e489a91f6ca8defca45c8152f3e0,
60,0.59999999999999998,0.5999755859375,9830,TV-QC,tvqc_l1magic_cpu,c096.mat,completed,0.016222581511175477,4.1367582853497469,0.031022200602376239,35.797600700585846,0.98147251684840597,True,1,255,False,False,35.849943102674501,0.98147724290798699,7cb61ef11a642814fbe66ee8c47c7bbb4a2228d4faa583fc307ec8758b34d8a9,
65,0.65000000000000002,0.6500244140625,10650,TV-QC,tvqc_l1magic_cpu,c104.mat,completed,0.014316007536395238,3.6505819217807858,0.027376287634199289,36.883561633114816,0.98557991297919756,True,1,255,False,False,36.9359040352035,0.98559901417264895,4b26bcc92f85ce80558addcd02b13e1cf912a1a04a130c64f175e6052ea14a7e,
70,0.69999999999999996,0.70001220703125,11469,TV-QC,tvqc_l1magic_cpu,c112.mat,completed,0.012355818466441966,3.1507337089427012,0.023627847319395805,38.162569620881612,0.98833392819905552,True,1,255,False,False,38.214912022970303,0.98834882672760704,268502dc6bbe594fa9cefce9db3edc74c9e719b7e825112bf496c1864629a3c1,
75,0.75,0.75,12288,TV-QC,tvqc_l1magic_cpu,c120.mat,completed,0.010132950234082555,2.5839023096910516,0.01937708956118088,39.885281805841345,0.99158436729431321,True,1,255,False,False,39.93762420793,0.99160283683539097,997f05d9f9a29de90c999ce7401078957265242775eaf07e280f486d8634ac91,
80,0.80000000000000004,0.79998779296875,13107,TV-QC,tvqc_l1magic_cpu,c128.mat,completed,0.0084785947967338619,2.1620416731671348,0.016213490339336424,41.433522394944688,0.99398305965561362,True,1,255,False,False,41.4858647970334,0.99399723865508305,9871e39e51336bb6447b5d9c4bcab69b9a90270c62de704aea79ec49c88ecb77,
85,0.84999999999999998,0.8499755859375,13926,TV-QC,tvqc_l1magic_cpu,c136.mat,completed,0.0067013934883243531,1.70885533952271,0.012814974790975315,43.476697613552233,0.99610643239771113,True,1,255,False,False,43.529040015640902,0.99612331909016805,37e79847b8faa5b88763df828c4dc6780e732083ecb464dcfe406425f90f7b4f,
90,0.90000000000000002,0.9000244140625,14746,TV-QC,tvqc_l1magic_cpu,c144.mat,completed,0.0046445618358628236,1.18436326814502,0.0088817263074326292,46.66110501443012,0.99797929543537411,True,1,255,False,False,46.713447416518797,0.99798625118756601,e9a7ba544804680d214d1881d98188cea4951d4f3045270ae41e3e9470b402ab,
95,0.94999999999999996,0.95001220703125,15565,TV-QC,tvqc_l1magic_cpu,c152.mat,completed,0.0026847032837454378,0.6845993373550866,0.0051339180369557825,51.422074119979612,0.99916058315514023,True,1,255,False,False,51.474416522068303,0.99916416855624102,d44aa96e39cf4b188fcee05d077fcc5f76a1515815b3230eb71bfca07ef79955,
100,1,1,16384,TV-QC,tvqc_l1magic_cpu,c160.mat,completed,5.2293458220750002e-05,0.013334831846291251,9.9999999999909989e-05,85.631052737502444,0.99999854203374217,False,1,255,False,False,85.683395139591099,0.99999855611769495,dc8f451b3475f90370977908e749cd3d9bbadbe7fe629d9facae084cd5ab5aac,
